s,0,-0.1,0.73,
j,0.633142,-0.0476398,-0.00542935,0.266549,
j,0.633166,-0.0482697,-0.00515981,0.270127,
j,0.633199,-0.049006,-0.00483447,0.273581,
j,0.633238,-0.0498512,-0.00450596,0.277012,
j,0.633282,-0.0508093,-0.00406917,0.280356,
j,0.633338,-0.0518848,-0.00357861,0.283657,
j,0.633398,-0.053069,-0.00308873,0.287022,
j,0.633464,-0.0543556,-0.00249413,0.290375,
j,0.633539,-0.0557409,-0.00184886,0.293746,
j,0.633619,-0.0572096,-0.00120867,0.297224,
j,0.633699,-0.0587427,-0.000582246,0.300836,
j,0.633783,-0.0603293,0.000143608,0.304463,
j,0.633874,-0.0619641,0.000916906,0.308106,
j,0.633979,-0.0636758,0.00202767,0.311611,
j,0.634121,-0.0655173,0.00354542,0.314889,
j,0.634304,-0.0675245,0.00542604,0.318002,
j,0.634524,-0.0697252,0.00753926,0.321213,
j,0.634771,-0.072146,0.00992593,0.32473,
j,0.635047,-0.074816,0.0126365,0.328645,
j,0.635351,-0.0777681,0.0155537,0.333294,
j,0.635671,-0.0809832,0.018602,0.338721,
j,0.635999,-0.084419,0.0216457,0.344948,
j,0.636322,-0.0880135,0.0246081,0.351922,
j,0.636634,-0.0917003,0.0274756,0.359475,
j,0.636932,-0.0954271,0.0302453,0.367484,
j,0.637215,-0.0991527,0.0329162,0.375848,
j,0.637483,-0.102856,0.0354875,0.384558,
j,0.63774,-0.106539,0.0380814,0.393522,
j,0.637994,-0.110231,0.0407741,0.402711,
j,0.638249,-0.113982,0.0435746,0.412272,
j,0.638509,-0.117884,0.0464771,0.42261,
j,0.638773,-0.121994,0.0494737,0.433865,
j,0.639042,-0.12631,0.0525581,0.445803,
j,0.639314,-0.130812,0.0555975,0.458331,
j,0.639583,-0.13549,0.0586246,0.471357,
j,0.63985,-0.140329,0.0617028,0.484684,
j,0.640119,-0.145314,0.0648399,0.498166,
j,0.64039,-0.150452,0.0680303,0.511837,
j,0.640667,-0.155801,0.0716406,0.525584,
j,0.640969,-0.161423,0.0756787,0.539422,
j,0.641296,-0.167367,0.0801244,0.553481,
j,0.641649,-0.173691,0.0848889,0.568089,
j,0.642022,-0.180397,0.0898658,0.583342,
j,0.642408,-0.187457,0.0948849,0.599355,
j,0.642797,-0.194819,0.0998244,0.616165,
j,0.643184,-0.202434,0.104644,0.633785,
j,0.643565,-0.210227,0.109332,0.652009,
j,0.643938,-0.218097,0.113759,0.670621,
j,0.644299,-0.225965,0.117826,0.689612,
j,0.644646,-0.233769,0.121513,0.708972,
j,0.644978,-0.241432,0.12483,0.72849,
j,0.645296,-0.248878,0.127795,0.747913,
j,0.645605,-0.256093,0.130427,0.767324,
j,0.645906,-0.263069,0.132748,0.786749,
j,0.646206,-0.269821,0.134898,0.806132,
j,0.64651,-0.276405,0.13688,0.825698,
j,0.646824,-0.282877,0.138753,0.8456,
j,0.64715,-0.289289,0.140724,0.865642,
j,0.647496,-0.295696,0.142925,0.885623,
j,0.647868,-0.302157,0.145272,0.90571,
j,0.648266,-0.30871,0.147771,0.925909,
j,0.648689,-0.315365,0.150368,0.946169,
j,0.649136,-0.322138,0.152971,0.96666,
j,0.649604,-0.329019,0.155542,0.987391,
j,0.650091,-0.335981,0.158068,1.00824,
j,0.650598,-0.343035,0.160661,1.02923,
j,0.651128,-0.350177,0.163312,1.05032,
j,0.651674,-0.35733,0.165838,1.07134,
j,0.65223,-0.364412,0.168218,1.09202,
j,0.652799,-0.371398,0.17052,1.11233,
j,0.653387,-0.378297,0.172891,1.13229,
j,0.653996,-0.385094,0.175236,1.152,
j,0.654627,-0.391786,0.177502,1.17166,
j,0.655276,-0.398349,0.179632,1.19132,
j,0.65594,-0.40473,0.181545,1.21089,
j,0.656611,-0.410866,0.183221,1.23013,
j,0.657286,-0.416677,0.184557,1.24887,
j,0.657962,-0.422111,0.185574,1.26695,
j,0.658636,-0.427106,0.186258,1.28417,
j,0.659309,-0.431619,0.18656,1.3005,
j,0.65998,-0.435635,0.186493,1.31606,
j,0.660654,-0.439168,0.186193,1.33082,
j,0.661336,-0.442259,0.185796,1.34479,
j,0.662032,-0.444952,0.18537,1.35799,
j,0.662745,-0.447315,0.185051,1.3704,
j,0.663483,-0.449429,0.184959,1.38204,
j,0.664244,-0.451352,0.185024,1.39303,
j,0.665026,-0.453118,0.185149,1.40349,
j,0.665832,-0.454793,0.185399,1.41361,
j,0.666662,-0.456442,0.185759,1.42366,
j,0.667516,-0.458115,0.186258,1.43376,
j,0.668389,-0.459826,0.186853,1.44382,
j,0.669276,-0.46156,0.187451,1.45372,
j,0.670174,-0.463323,0.188017,1.46358,
j,0.671083,-0.465128,0.188542,1.47358,
j,0.672001,-0.466962,0.189019,1.48362,
j,0.672923,-0.468798,0.189441,1.49353,
j,0.673849,-0.470621,0.189809,1.50323,
j,0.674776,-0.472398,0.190119,1.51251,
j,0.675699,-0.474077,0.190266,1.52123,
j,0.676617,-0.47564,0.19026,1.52946,
j,0.677536,-0.4771,0.190187,1.53737,
j,0.678459,-0.478467,0.190086,1.54504,
j,0.679385,-0.479748,0.189883,1.55274,
j,0.680311,-0.480923,0.189579,1.56033,
j,0.681232,-0.481972,0.18914,1.56771,
j,0.682152,-0.482899,0.188602,1.57494,
j,0.683075,-0.483741,0.188062,1.5822,
j,0.684,-0.484502,0.187456,1.58955,
j,0.684926,-0.485195,0.186801,1.59707,
j,0.685855,-0.485842,0.186171,1.6047,
j,0.686787,-0.486453,0.185591,1.6123,
j,0.687717,-0.487004,0.184957,1.61965,
j,0.688645,-0.487504,0.184275,1.62689,
j,0.689579,-0.488014,0.183635,1.63448,
j,0.690521,-0.488567,0.183073,1.64256,
j,0.69147,-0.489177,0.182596,1.65108,
j,0.692425,-0.489872,0.182025,1.66077,
j,0.693382,-0.490669,0.181372,1.672,
j,0.694337,-0.491544,0.180652,1.68445,
j,0.695279,-0.492425,0.179787,1.69744,
j,0.696206,-0.493267,0.17884,1.71036,
j,0.697123,-0.494061,0.177911,1.72288,
j,0.698034,-0.494812,0.177041,1.73488,
j,0.698948,-0.495546,0.176352,1.74629,
j,0.699872,-0.49631,0.175868,1.7575,
j,0.700812,-0.497155,0.175643,1.7689,
j,0.701774,-0.49814,0.175762,1.78089,
j,0.702759,-0.499284,0.176236,1.79335,
j,0.703762,-0.500576,0.176945,1.8062,
j,0.704778,-0.501976,0.177841,1.81894,
j,0.705804,-0.503456,0.178855,1.83137,
j,0.706845,-0.50502,0.180097,1.84339,
j,0.707914,-0.506711,0.181748,1.85505,
j,0.709011,-0.508526,0.183746,1.86615,
j,0.710137,-0.510466,0.186084,1.87657,
j,0.711298,-0.512551,0.188819,1.8864,
j,0.712498,-0.514796,0.191957,1.89569,
j,0.713733,-0.517183,0.195374,1.90454,
j,0.714998,-0.519675,0.198935,1.91301,
j,0.71628,-0.522206,0.202449,1.92097,
j,0.717571,-0.524694,0.205759,1.9283,
j,0.718863,-0.527076,0.208804,1.93495,
j,0.720157,-0.529297,0.211572,1.94091,
j,0.72145,-0.531316,0.214074,1.94624,
j,0.722746,-0.533112,0.216344,1.95114,
j,0.724046,-0.534665,0.218407,1.95569,
j,0.72535,-0.53596,0.220278,1.95982,
j,0.726661,-0.536991,0.221976,1.96351,
j,0.72798,-0.537768,0.223534,1.96696,
j,0.72931,-0.53831,0.224986,1.9704,
j,0.730651,-0.538626,0.226272,1.97431,
j,0.731995,-0.538708,0.22731,1.97897,
j,0.733336,-0.538538,0.228054,1.98418,
j,0.734675,-0.538116,0.228588,1.98949,
j,0.736016,-0.537468,0.229021,1.99456,
j,0.737363,-0.536631,0.229405,1.99924,
j,0.73872,-0.535643,0.229765,2.00347,
j,0.740087,-0.534544,0.230112,2.00726,
j,0.741465,-0.533372,0.23045,2.01064,
j,0.742853,-0.532162,0.230781,2.01364,
j,0.74425,-0.530947,0.231104,2.01629,
j,0.745656,-0.529755,0.231418,2.01865,
j,0.747069,-0.528608,0.231722,2.02074,
j,0.748488,-0.527526,0.232013,2.0226,
j,0.74991,-0.526525,0.23229,2.02426,
j,0.751335,-0.525616,0.232551,2.02574,
j,0.752762,-0.524805,0.232796,2.02706,
j,0.75419,-0.524097,0.233022,2.02824,
j,0.755616,-0.523492,0.233229,2.02931,
j,0.75704,-0.522984,0.233401,2.03009,
j,0.758461,-0.522569,0.233536,2.03058,
j,0.759864,-0.522198,0.233378,2.03058,
j,0.761241,-0.521819,0.232813,2.03015,
j,0.762596,-0.521426,0.232021,2.02953,
j,0.763931,-0.521007,0.231032,2.02868,
j,0.765249,-0.520558,0.229919,2.02766,
j,0.76655,-0.520073,0.228687,2.02661,
j,0.767836,-0.51955,0.227373,2.02543,
j,0.769112,-0.519004,0.226077,2.02414,
j,0.770383,-0.518454,0.22485,2.02284,
j,0.77165,-0.517914,0.223713,2.02162,
j,0.772914,-0.517398,0.222669,2.0205,
j,0.774176,-0.516913,0.221714,2.01948,
j,0.775436,-0.516467,0.220842,2.01857,
j,0.776693,-0.516065,0.220046,2.01776,
j,0.777948,-0.515709,0.219318,2.01705,
j,0.7792,-0.515401,0.218653,2.01642,
j,0.780449,-0.51514,0.218042,2.01587,
j,0.781695,-0.514925,0.217481,2.01539,
j,0.782938,-0.514753,0.216964,2.01497,
j,0.784178,-0.51462,0.216487,2.0146,
j,0.785414,-0.514523,0.216046,2.01428,
j,0.786647,-0.514457,0.215636,2.01401,
j,0.787877,-0.514417,0.215256,2.01377,
j,0.789103,-0.514399,0.214901,2.01356,
j,0.790327,-0.514397,0.214571,2.01338,
j,0.791548,-0.514407,0.214263,2.01322,
j,0.792767,-0.514423,0.213974,2.01308,
j,0.793983,-0.514443,0.213704,2.01296,
j,0.795197,-0.514463,0.213451,2.01286,
j,0.796409,-0.51448,0.213214,2.01277,
j,0.797619,-0.514491,0.212991,2.01269,
j,0.798827,-0.514495,0.212782,2.01262,
j,0.800034,-0.51449,0.212585,2.01256,
j,0.801239,-0.514475,0.2124,2.0125,
j,0.802444,-0.51445,0.212225,2.01245,
j,0.803647,-0.514414,0.212061,2.01241,
j,0.804849,-0.514366,0.211907,2.01237,
j,0.80605,-0.514307,0.211761,2.01233,
j,0.80725,-0.514238,0.211624,2.0123,
j,0.80845,-0.514158,0.211494,2.01227,
j,0.809649,-0.514069,0.211371,2.01224,
j,0.810847,-0.513971,0.211256,2.01222,
j,0.812045,-0.513866,0.211146,2.0122,
j,0.813242,-0.513754,0.211041,2.01217,
j,0.814438,-0.513637,0.210942,2.01216,
j,0.815635,-0.513516,0.210848,2.01214,
j,0.81683,-0.513391,0.210757,2.01212,
j,0.818025,-0.513265,0.210671,2.01211,
j,0.819219,-0.513137,0.210588,2.0121,
j,0.820413,-0.513008,0.210508,2.01209,
j,0.821606,-0.51288,0.21043,2.01208,
j,0.822799,-0.512752,0.210355,2.01207,
j,0.82399,-0.512626,0.210282,2.01206,
j,0.825181,-0.512501,0.21021,2.01206,
j,0.826372,-0.512378,0.210141,2.01205,
j,0.827561,-0.512258,0.210072,2.01205,
j,0.82875,-0.51214,0.210005,2.01205,
j,0.829938,-0.512025,0.209938,2.01205,
j,0.831125,-0.511912,0.209873,2.01205,
j,0.832311,-0.511801,0.209808,2.01204,
j,0.833497,-0.511693,0.209743,2.01204,
j,0.834681,-0.511586,0.209679,2.01204,
j,0.835865,-0.511482,0.209616,2.01204,
j,0.837048,-0.511379,0.209552,2.01204,
j,0.83823,-0.511278,0.209489,2.01204,
j,0.839411,-0.511177,0.209426,2.01204,
j,0.840591,-0.511078,0.209363,2.01204,
j,0.841771,-0.51098,0.2093,2.01204,
j,0.842949,-0.510882,0.209237,2.01204,
j,0.844127,-0.510784,0.209175,2.01204,
j,0.845304,-0.510687,0.209112,2.01204,
j,0.84648,-0.51059,0.209049,2.01204,
j,0.847655,-0.510492,0.208987,2.01204,
j,0.84883,-0.510395,0.208924,2.01204,
j,0.850003,-0.510297,0.208861,2.01204,
j,0.851176,-0.510199,0.208799,2.01204,
j,0.852348,-0.5101,0.208736,2.01204,
j,0.853519,-0.510001,0.208673,2.01204,
j,0.85469,-0.509902,0.208611,2.01204,
j,0.855859,-0.509802,0.208548,2.01204,
j,0.857028,-0.509702,0.208485,2.01204,
j,0.858196,-0.509601,0.208422,2.01204,
j,0.859363,-0.5095,0.208359,2.01204,
j,0.86053,-0.509399,0.208296,2.01204,
j,0.861696,-0.509298,0.208233,2.01204,
j,0.862861,-0.509196,0.208169,2.01204,
j,0.864025,-0.509094,0.208106,2.01204,
j,0.865188,-0.508993,0.208043,2.01204,
j,0.866351,-0.508891,0.207979,2.01204,
j,0.867513,-0.508789,0.207915,2.01204,
j,0.868674,-0.508687,0.207851,2.01204,
j,0.869834,-0.508586,0.207787,2.01204,
j,0.870994,-0.508484,0.207723,2.01205,
j,0.872152,-0.508383,0.207659,2.01205,
j,0.87331,-0.508282,0.207594,2.01205,
j,0.874467,-0.508181,0.207529,2.01205,
j,0.875624,-0.50808,0.207464,2.01205,
j,0.876779,-0.50798,0.207399,2.01205,
j,0.877934,-0.50788,0.207334,2.01205,
j,0.879088,-0.50778,0.207268,2.01205,
j,0.880241,-0.50768,0.207202,2.01205,
j,0.881393,-0.50758,0.207136,2.01205,
j,0.882545,-0.507481,0.20707,2.01205,
j,0.883696,-0.507382,0.207004,2.01205,
j,0.884846,-0.507283,0.206937,2.01205,
j,0.885995,-0.507185,0.20687,2.01205,
j,0.887143,-0.507086,0.206803,2.01205,
j,0.888291,-0.506988,0.206735,2.01205,
j,0.889437,-0.50689,0.206668,2.01205,
j,0.890583,-0.506792,0.2066,2.01206,
j,0.891728,-0.506694,0.206532,2.01206,
j,0.892873,-0.506597,0.206464,2.01206,
j,0.894016,-0.506499,0.206395,2.01206,
j,0.895159,-0.506402,0.206326,2.01206,
j,0.896301,-0.506305,0.206258,2.01207,
j,0.897442,-0.506208,0.206188,2.01207,
j,0.898582,-0.506111,0.206119,2.01207,
j,0.899721,-0.506014,0.206049,2.01207,
j,0.90086,-0.505917,0.20598,2.01208,
j,0.901998,-0.505821,0.205909,2.01208,
j,0.903135,-0.505724,0.205839,2.01208,
j,0.904271,-0.505628,0.205769,2.01208,
j,0.905407,-0.505531,0.205698,2.01209,
j,0.906541,-0.505435,0.205627,2.01209,
j,0.907675,-0.505339,0.205556,2.01209,
j,0.908808,-0.505243,0.205485,2.01209,
j,0.90994,-0.505147,0.205413,2.0121,
j,0.911072,-0.505051,0.205342,2.0121,
j,0.912202,-0.504956,0.20527,2.0121,
j,0.913332,-0.50486,0.205197,2.01211,
j,0.914461,-0.504765,0.205125,2.01211,
j,0.915589,-0.504669,0.205053,2.01211,
j,0.916717,-0.504574,0.20498,2.01211,
j,0.917843,-0.504479,0.204907,2.01212,
j,0.918969,-0.504384,0.204834,2.01212,
j,0.920094,-0.504289,0.20476,2.01212,
j,0.921218,-0.504195,0.204687,2.01213,
j,0.922341,-0.5041,0.204613,2.01213,
j,0.923464,-0.504006,0.204539,2.01213,
j,0.924585,-0.503911,0.204465,2.01213,
j,0.925706,-0.503817,0.20439,2.01214,
j,0.926826,-0.503723,0.204316,2.01214,
j,0.927945,-0.503629,0.204241,2.01214,
j,0.929064,-0.503535,0.204166,2.01215,
j,0.930181,-0.503442,0.204091,2.01215,
j,0.931298,-0.503348,0.204015,2.01215,
j,0.932414,-0.503255,0.20394,2.01215,
j,0.933529,-0.503162,0.203864,2.01216,
j,0.934644,-0.503068,0.203788,2.01216,
j,0.935757,-0.502975,0.203712,2.01216,
j,0.93687,-0.502883,0.203635,2.01217,
j,0.937982,-0.50279,0.203559,2.01217,
j,0.939093,-0.502697,0.203482,2.01217,
j,0.940203,-0.502605,0.203405,2.01217,
j,0.941313,-0.502512,0.203328,2.01218,
j,0.942421,-0.50242,0.20325,2.01218,
j,0.943529,-0.502328,0.203173,2.01218,
j,0.944636,-0.502236,0.203095,2.01219,
j,0.945742,-0.502144,0.203017,2.01219,
j,0.946848,-0.502052,0.202939,2.01219,
j,0.947952,-0.501961,0.20286,2.01219,
j,0.949056,-0.501869,0.202782,2.0122,
j,0.950159,-0.501778,0.202703,2.0122,
j,0.951261,-0.501687,0.202624,2.0122,
j,0.952362,-0.501596,0.202545,2.01221,
j,0.953463,-0.501505,0.202466,2.01221,
j,0.954562,-0.501414,0.202387,2.01221,
j,0.955661,-0.501323,0.202307,2.01221,
j,0.956759,-0.501232,0.202227,2.01222,
j,0.957856,-0.501142,0.202147,2.01222,
j,0.958952,-0.501052,0.202067,2.01222,
j,0.960048,-0.500961,0.201986,2.01223,
j,0.961143,-0.500871,0.201906,2.01223,
j,0.962237,-0.500781,0.201825,2.01223,
j,0.96333,-0.500691,0.201744,2.01223,
j,0.964422,-0.500602,0.201663,2.01224,
j,0.965513,-0.500512,0.201582,2.01224,
j,0.966604,-0.500423,0.2015,2.01224,
j,0.967694,-0.500333,0.201419,2.01225,
j,0.968783,-0.500244,0.201337,2.01225,
j,0.969871,-0.500155,0.201255,2.01225,
j,0.970958,-0.500066,0.201173,2.01225,
j,0.972045,-0.499977,0.201091,2.01226,
j,0.97313,-0.499888,0.201008,2.01226,
j,0.974215,-0.4998,0.200925,2.01226,
j,0.975299,-0.499711,0.200843,2.01227,
j,0.976382,-0.499623,0.20076,2.01227,
j,0.977465,-0.499534,0.200676,2.01227,
j,0.978546,-0.499446,0.200593,2.01227,
j,0.979622,-0.499345,0.200375,2.01229,
j,0.98068,-0.499196,0.199763,2.01252,
j,0.981707,-0.498958,0.19859,2.01317,
j,0.982706,-0.498617,0.197068,2.01413,
j,0.983685,-0.498185,0.195465,2.01516,
j,0.984653,-0.49768,0.193905,2.01619,
j,0.985614,-0.497123,0.192438,2.01714,
j,0.986572,-0.496534,0.191082,2.01802,
j,0.987529,-0.495932,0.189839,2.0188,
j,0.988486,-0.495333,0.188703,2.01951,
j,0.989442,-0.494753,0.187668,2.02014,
j,0.990398,-0.494205,0.186723,2.0207,
j,0.991354,-0.493696,0.18586,2.0212,
j,0.992309,-0.493236,0.185071,2.02165,
j,0.993264,-0.492828,0.184348,2.02205,
j,0.994216,-0.492475,0.183683,2.02242,
j,0.995168,-0.49218,0.18307,2.02275,
j,0.996117,-0.49194,0.182504,2.02305,
j,0.997064,-0.491754,0.18198,2.02332,
j,0.998009,-0.491618,0.181493,2.02357,
j,0.998952,-0.491528,0.181039,2.0238,
j,0.999892,-0.49148,0.180615,2.02401,
j,1.00083,-0.491467,0.180218,2.0242,
j,1.00176,-0.49147,0.179709,2.02438,
j,1.00268,-0.491473,0.179085,2.02456,
j,1.00359,-0.491474,0.178434,2.02472,
j,1.0045,-0.491472,0.177798,2.02487,
j,1.0054,-0.491468,0.177192,2.025,
j,1.0063,-0.491459,0.176623,2.02512,
j,1.0072,-0.491446,0.176093,2.02523,
j,1.0081,-0.491429,0.1756,2.02533,
j,1.00899,-0.491408,0.175142,2.02541,
j,1.00989,-0.491383,0.174716,2.02549,
j,1.01078,-0.491353,0.17432,2.02555,
j,1.01167,-0.49132,0.17395,2.02561,
j,1.01256,-0.491283,0.173606,2.02567,
j,1.01346,-0.491243,0.173284,2.02571,
j,1.01434,-0.491199,0.172983,2.02576,
j,1.01523,-0.491153,0.172701,2.02579,
j,1.01612,-0.491104,0.172436,2.02582,
j,1.01701,-0.491052,0.172187,2.02585,
j,1.0179,-0.490999,0.171952,2.02588,
j,1.01878,-0.490944,0.17173,2.0259,
j,1.01967,-0.490888,0.17152,2.02592,
j,1.02055,-0.490831,0.171321,2.02594,
j,1.02144,-0.490772,0.171131,2.02596,
j,1.02232,-0.490713,0.17095,2.02597,
j,1.0232,-0.490654,0.170778,2.02598,
j,1.02408,-0.490595,0.170613,2.026,
j,1.02496,-0.490535,0.170455,2.02601,
j,1.02584,-0.490475,0.170302,2.02602,
j,1.02672,-0.490416,0.170156,2.02603,
j,1.0276,-0.490357,0.170014,2.02603,
j,1.02848,-0.490298,0.169877,2.02604,
j,1.02936,-0.490239,0.169744,2.02605,
j,1.03023,-0.490181,0.169614,2.02605,
j,1.03111,-0.490123,0.169488,2.02606,
j,1.03199,-0.490065,0.169366,2.02607,
j,1.03286,-0.490008,0.169246,2.02607,
j,1.03373,-0.489951,0.169128,2.02608,
j,1.03461,-0.489895,0.169013,2.02608,
j,1.03548,-0.489838,0.1689,2.02608,
j,1.03635,-0.489782,0.168789,2.02609,
j,1.03722,-0.489726,0.16868,2.02609,
j,1.03809,-0.48967,0.168572,2.0261,
j,1.03896,-0.489615,0.168466,2.0261,
j,1.03983,-0.489559,0.16836,2.0261,
j,1.0407,-0.489504,0.168257,2.02611,
j,1.04157,-0.489448,0.168154,2.02611,
j,1.04243,-0.489393,0.168052,2.02611,
j,1.0433,-0.489337,0.167951,2.02611,
j,1.04417,-0.489281,0.167851,2.02612,
j,1.04503,-0.489226,0.167751,2.02612,
j,1.0459,-0.48917,0.167653,2.02612,
j,1.04676,-0.489114,0.167554,2.02612,
j,1.04762,-0.489058,0.167457,2.02613,
j,1.04848,-0.489002,0.16736,2.02613,
j,1.04935,-0.488947,0.167263,2.02613,
j,1.05021,-0.488891,0.167167,2.02613,
j,1.05107,-0.488834,0.167071,2.02613,
j,1.05193,-0.488778,0.166975,2.02614,
j,1.05279,-0.488722,0.16688,2.02614,
j,1.05364,-0.488666,0.166785,2.02614,
j,1.0545,-0.48861,0.16669,2.02614,
j,1.05536,-0.488554,0.166595,2.02614,
j,1.05621,-0.488498,0.166501,2.02615,
j,1.05707,-0.488442,0.166407,2.02615,
j,1.05792,-0.488386,0.166313,2.02615,
j,1.05878,-0.48833,0.166219,2.02615,
j,1.05963,-0.488275,0.166125,2.02615,
j,1.06048,-0.488219,0.166031,2.02615,
j,1.06134,-0.488163,0.165938,2.02616,
j,1.06219,-0.488108,0.165844,2.02616,
j,1.06304,-0.488052,0.165751,2.02616,
j,1.06389,-0.487997,0.165657,2.02616,
j,1.06474,-0.487942,0.165564,2.02616,
j,1.06559,-0.487887,0.165471,2.02616,
j,1.06644,-0.487832,0.165377,2.02617,
j,1.06728,-0.487777,0.165284,2.02617,
j,1.06813,-0.487722,0.165191,2.02617,
j,1.06898,-0.487667,0.165098,2.02617,
j,1.06982,-0.487613,0.165005,2.02617,
j,1.07067,-0.487558,0.164911,2.02617,
j,1.07151,-0.487504,0.164818,2.02618,
j,1.07235,-0.487449,0.164725,2.02618,
j,1.0732,-0.487395,0.164632,2.02618,
j,1.07404,-0.487341,0.164538,2.02618,
j,1.07488,-0.487287,0.164445,2.02618,
j,1.07572,-0.487233,0.164352,2.02618,
j,1.07656,-0.487179,0.164259,2.02619,
j,1.0774,-0.487125,0.164165,2.02619,
j,1.07824,-0.487071,0.164072,2.02619,
j,1.07908,-0.487018,0.163979,2.02619,
j,1.07992,-0.486964,0.163885,2.02619,
j,1.08075,-0.486911,0.163792,2.02619,
j,1.08159,-0.486857,0.163699,2.0262,
j,1.08242,-0.486804,0.163605,2.0262,
j,1.08326,-0.486751,0.163512,2.0262,
j,1.08409,-0.486697,0.163418,2.0262,
j,1.08493,-0.486644,0.163325,2.0262,
j,1.08576,-0.486591,0.163231,2.0262,
j,1.08659,-0.486538,0.163138,2.0262,
j,1.08742,-0.486485,0.163044,2.02621,
j,1.08825,-0.486432,0.16295,2.02621,
j,1.08908,-0.48638,0.162857,2.02621,
j,1.08991,-0.486327,0.162763,2.02621,
j,1.09074,-0.486274,0.162669,2.02621,
j,1.09157,-0.486222,0.162576,2.02621,
j,1.0924,-0.486169,0.162482,2.02622,
j,1.09323,-0.486117,0.162388,2.02622,
j,1.09405,-0.486065,0.162294,2.02622,
j,1.09488,-0.486012,0.1622,2.02622,
j,1.0957,-0.48596,0.162107,2.02622,
j,1.09653,-0.485908,0.162013,2.02622,
j,1.09735,-0.485856,0.161919,2.02623,
j,1.09817,-0.485804,0.161825,2.02623,
j,1.099,-0.485753,0.161731,2.02623,
j,1.09982,-0.485701,0.161637,2.02623,
j,1.10064,-0.485649,0.161543,2.02623,
j,1.10146,-0.485598,0.161449,2.02623,
j,1.10228,-0.485546,0.161355,2.02623,
j,1.1031,-0.485495,0.16126,2.02624,
j,1.10392,-0.485443,0.161166,2.02624,
j,1.10473,-0.485392,0.161072,2.02624,
j,1.10555,-0.485341,0.160978,2.02624,
j,1.10637,-0.48529,0.160884,2.02624,
j,1.10718,-0.485239,0.160789,2.02624,
j,1.108,-0.485188,0.160695,2.02625,
j,1.10881,-0.485137,0.160601,2.02625,
j,1.10963,-0.485086,0.160506,2.02625,
j,1.11044,-0.485035,0.160412,2.02625,
j,1.11125,-0.484985,0.160318,2.02625,
j,1.11206,-0.484934,0.160223,2.02625,
j,1.11288,-0.484884,0.160129,2.02625,
j,1.11369,-0.484833,0.160034,2.02626,
j,1.1145,-0.484783,0.15994,2.02626,
j,1.1153,-0.484733,0.159845,2.02626,
j,1.11611,-0.484683,0.159751,2.02626,
j,1.11692,-0.484633,0.159656,2.02626,
j,1.11773,-0.484583,0.159561,2.02626,
j,1.11854,-0.484533,0.159467,2.02627,
j,1.11934,-0.484483,0.159372,2.02627,
j,1.12015,-0.484433,0.159277,2.02627,
j,1.12095,-0.484383,0.159183,2.02627,
j,1.12176,-0.484334,0.159088,2.02627,
j,1.12256,-0.484284,0.158993,2.02627,
j,1.12336,-0.484235,0.158898,2.02627,
j,1.12416,-0.484185,0.158804,2.02628,
j,1.12497,-0.484136,0.158709,2.02628,
j,1.12577,-0.484087,0.158614,2.02628,
j,1.12657,-0.484037,0.158519,2.02628,
j,1.12737,-0.483988,0.158424,2.02628,
j,1.12817,-0.483939,0.158329,2.02628,
j,1.12896,-0.48389,0.158234,2.02629,
j,1.12976,-0.483841,0.158139,2.02629,
j,1.13056,-0.483793,0.158045,2.02629,
j,1.13136,-0.483744,0.15795,2.02629,
j,1.13215,-0.483695,0.157855,2.02629,
j,1.13295,-0.483647,0.15776,2.02629,
j,1.13374,-0.483598,0.157664,2.02629,
j,1.13453,-0.48355,0.157569,2.0263,
j,1.13533,-0.483501,0.157474,2.0263,
j,1.13612,-0.483453,0.157379,2.0263,
j,1.13691,-0.483405,0.157284,2.0263,
j,1.1377,-0.483357,0.157189,2.0263,
j,1.13849,-0.483309,0.157094,2.0263,
j,1.13928,-0.483261,0.156999,2.0263,
j,1.14007,-0.483213,0.156903,2.02631,
j,1.14086,-0.483165,0.156808,2.02631,
j,1.14165,-0.483117,0.156713,2.02631,
j,1.14244,-0.48307,0.156618,2.02631,
j,1.14322,-0.483022,0.156522,2.02631,
j,1.14401,-0.482974,0.156427,2.02631,
j,1.1448,-0.482927,0.156332,2.02632,
j,1.14558,-0.48288,0.156237,2.02632,
j,1.14637,-0.482832,0.156141,2.02632,
j,1.14715,-0.482785,0.156046,2.02632,
j,1.14793,-0.482738,0.155951,2.02632,
j,1.14871,-0.482691,0.155855,2.02632,
j,1.1495,-0.482644,0.15576,2.02632,
j,1.15028,-0.482597,0.155664,2.02633,
j,1.15106,-0.48255,0.155569,2.02633,
j,1.15184,-0.482503,0.155474,2.02633,
j,1.15262,-0.482456,0.155378,2.02633,
j,1.15339,-0.48241,0.155283,2.02633,
j,1.15417,-0.482363,0.155187,2.02633,
j,1.15495,-0.482317,0.155092,2.02633,
j,1.15573,-0.48227,0.154996,2.02634,
j,1.1565,-0.482224,0.154901,2.02634,
j,1.15728,-0.482178,0.154805,2.02634,
j,1.15805,-0.482131,0.15471,2.02634,
j,1.15883,-0.482085,0.154614,2.02634,
j,1.1596,-0.482039,0.154519,2.02634,
j,1.16037,-0.481993,0.154423,2.02634,
j,1.16115,-0.481947,0.154328,2.02635,
j,1.16192,-0.481901,0.154232,2.02635,
j,1.16269,-0.481855,0.154136,2.02635,
j,1.16346,-0.48181,0.154041,2.02635,
j,1.16423,-0.481764,0.153945,2.02635,
j,1.165,-0.481719,0.15385,2.02635,
j,1.16577,-0.481673,0.153754,2.02635,
j,1.16653,-0.481628,0.153658,2.02636,
j,1.1673,-0.481582,0.153563,2.02636,
j,1.16807,-0.481537,0.153467,2.02636,
j,1.16883,-0.481492,0.153371,2.02636,
j,1.1696,-0.481447,0.153276,2.02636,
j,1.17036,-0.481401,0.15318,2.02636,
j,1.17113,-0.481356,0.153084,2.02636,
j,1.17189,-0.481312,0.152989,2.02637,
j,1.17265,-0.481267,0.152893,2.02637,
j,1.17342,-0.481222,0.152797,2.02637,
j,1.17418,-0.481177,0.152702,2.02637,
j,1.17494,-0.481132,0.152606,2.02637,
j,1.1757,-0.481088,0.15251,2.02637,
j,1.17646,-0.481043,0.152414,2.02637,
j,1.17722,-0.480999,0.152319,2.02638,
j,1.17798,-0.480955,0.152223,2.02638,
j,1.17873,-0.48091,0.152127,2.02638,
j,1.17949,-0.480866,0.152031,2.02638,
j,1.18025,-0.480822,0.151936,2.02638,
j,1.181,-0.480778,0.15184,2.02638,
j,1.18176,-0.480734,0.151744,2.02638,
j,1.18251,-0.48069,0.151648,2.02639,
j,1.18327,-0.480646,0.151553,2.02639,
j,1.18402,-0.480602,0.151457,2.02639,
j,1.18478,-0.480558,0.151361,2.02639,
j,1.18553,-0.480515,0.151265,2.02639,
j,1.18628,-0.480471,0.151169,2.02639,
j,1.18703,-0.480427,0.151074,2.02639,
j,1.18778,-0.480384,0.150978,2.02639,
j,1.18853,-0.480341,0.150882,2.0264,
j,1.18928,-0.480297,0.150786,2.0264,
j,1.19003,-0.480254,0.15069,2.0264,
j,1.19078,-0.480211,0.150595,2.0264,
j,1.19152,-0.480168,0.150499,2.0264,
j,1.19227,-0.480124,0.150403,2.0264,
j,1.19302,-0.480081,0.150307,2.0264,
j,1.19376,-0.480039,0.150211,2.02641,
j,1.19451,-0.479996,0.150115,2.02641,
j,1.19525,-0.479953,0.15002,2.02641,
j,1.196,-0.47991,0.149924,2.02641,
j,1.19674,-0.479867,0.149828,2.02641,
j,1.19748,-0.479825,0.149732,2.02641,
j,1.19822,-0.479782,0.149636,2.02641,
j,1.19896,-0.47974,0.149541,2.02642,
j,1.19971,-0.479698,0.149445,2.02642,
j,1.20045,-0.479655,0.149349,2.02642,
j,1.20118,-0.479613,0.149253,2.02642,
j,1.20192,-0.479571,0.149157,2.02642,
j,1.20266,-0.479529,0.149061,2.02642,
j,1.2034,-0.479487,0.148966,2.02642,
j,1.20414,-0.479445,0.14887,2.02642,
j,1.20487,-0.479403,0.148774,2.02643,
j,1.20561,-0.479361,0.148678,2.02643,
j,1.20634,-0.479319,0.148582,2.02643,
j,1.20708,-0.479277,0.148487,2.02643,
j,1.20781,-0.479236,0.148391,2.02643,
j,1.20855,-0.479194,0.148295,2.02643,
j,1.20928,-0.479152,0.148199,2.02643,
j,1.21001,-0.479111,0.148103,2.02644,
j,1.21074,-0.47907,0.148008,2.02644,
j,1.21147,-0.479028,0.147912,2.02644,
j,1.2122,-0.478987,0.147816,2.02644,
j,1.21293,-0.478946,0.14772,2.02644,
j,1.21366,-0.478905,0.147624,2.02644,
j,1.21439,-0.478864,0.147529,2.02644,
j,1.21512,-0.478823,0.147433,2.02644,
j,1.21585,-0.478782,0.147337,2.02645,
j,1.21657,-0.478741,0.147241,2.02645,
j,1.2173,-0.4787,0.147146,2.02645,
j,1.21803,-0.478659,0.14705,2.02645,
j,1.21875,-0.478619,0.146954,2.02645,
j,1.21947,-0.478578,0.146858,2.02645,
j,1.2202,-0.478537,0.146763,2.02645,
j,1.22092,-0.478497,0.146667,2.02645,
j,1.22164,-0.478457,0.146571,2.02646,
j,1.22237,-0.478416,0.146476,2.02646,
j,1.22309,-0.478376,0.14638,2.02646,
j,1.22381,-0.478336,0.146284,2.02646,
j,1.22453,-0.478295,0.146188,2.02646,
j,1.22525,-0.478255,0.146093,2.02646,
j,1.22597,-0.478215,0.145997,2.02646,
j,1.22669,-0.478175,0.145901,2.02647,
j,1.2274,-0.478135,0.145806,2.02647,
j,1.22812,-0.478096,0.14571,2.02647,
j,1.22884,-0.478056,0.145614,2.02647,
j,1.22955,-0.478016,0.145519,2.02647,
j,1.23027,-0.477976,0.145423,2.02647,
j,1.23098,-0.477937,0.145327,2.02647,
j,1.2317,-0.477897,0.145232,2.02647,
j,1.23241,-0.477858,0.145136,2.02648,
j,1.23312,-0.477819,0.145041,2.02648,
j,1.23384,-0.477779,0.144945,2.02648,
j,1.23455,-0.47774,0.144849,2.02648,
j,1.23526,-0.477701,0.144754,2.02648,
j,1.23597,-0.477662,0.144658,2.02648,
j,1.23668,-0.477622,0.144563,2.02648,
j,1.23739,-0.477583,0.144467,2.02648,
j,1.2381,-0.477544,0.144372,2.02649,
j,1.23881,-0.477506,0.144276,2.02649,
j,1.23951,-0.477467,0.144181,2.02649,
j,1.24022,-0.477428,0.144085,2.02649,
j,1.24093,-0.477389,0.14399,2.02649,
j,1.24163,-0.477351,0.143894,2.02649,
j,1.24234,-0.477312,0.143799,2.02649,
j,1.24304,-0.477273,0.143703,2.02649,
j,1.24375,-0.477235,0.143608,2.0265,
j,1.24445,-0.477197,0.143512,2.0265,
j,1.24516,-0.477158,0.143417,2.0265,
j,1.24586,-0.47712,0.143322,2.0265,
j,1.24656,-0.477082,0.143226,2.0265,
j,1.24726,-0.477044,0.143131,2.0265,
j,1.24796,-0.477006,0.143035,2.0265,
j,1.24863,-0.476914,0.141886,2.02621,
j,1.24923,-0.476706,0.139208,2.02526,
j,1.24975,-0.476355,0.135237,2.02347,
j,1.2502,-0.475874,0.130601,2.02113,
j,1.25061,-0.475298,0.125896,2.01863,
j,1.25099,-0.47466,0.121387,2.01617,
j,1.25135,-0.47399,0.117177,2.01385,
j,1.25171,-0.473311,0.113301,2.01171,
j,1.25206,-0.472647,0.109755,2.00977,
j,1.25241,-0.472009,0.106516,2.00785,
j,1.25276,-0.471415,0.10356,2.00592,
j,1.25311,-0.470877,0.100867,2.00409,
j,1.25346,-0.470405,0.0984165,2.0024,
j,1.2538,-0.470004,0.0961863,2.00088,
j,1.25415,-0.469676,0.0941564,1.99952,
j,1.2545,-0.469409,0.092156,1.99813,
j,1.25483,-0.46919,0.0901602,1.99652,
j,1.25516,-0.469011,0.0881027,1.99459,
j,1.25547,-0.468867,0.0860185,1.9925,
j,1.25578,-0.468764,0.0840188,1.99043,
j,1.25608,-0.468701,0.0821487,1.98848,
j,1.25637,-0.468675,0.080422,1.9867,
j,1.25667,-0.468682,0.0788382,1.9851,
j,1.25696,-0.468718,0.0773902,1.98366,
j,1.25725,-0.468776,0.0760685,1.98239,
j,1.25754,-0.468853,0.0748629,1.98126,
j,1.25783,-0.468939,0.0737589,1.98009,
j,1.25813,-0.469038,0.0728926,1.97883,
j,1.25843,-0.469157,0.0722605,1.9776,
j,1.25875,-0.4693,0.071905,1.97644,
j,1.25907,-0.469468,0.0717766,1.97538,
j,1.2594,-0.469653,0.0717503,1.97443,
j,1.25974,-0.469847,0.0717635,1.97358,
j,1.26008,-0.470039,0.071786,1.97265,
j,1.26043,-0.470232,0.0719509,1.9716,
j,1.26078,-0.47043,0.0722586,1.97055,
j,1.26114,-0.470628,0.0726115,1.96956,
j,1.2615,-0.470821,0.0729646,1.96865,
j,1.26187,-0.471005,0.0732977,1.96782,
j,1.26223,-0.471174,0.0736032,1.96708,
j,1.2626,-0.471326,0.0738789,1.96642,
j,1.26297,-0.471457,0.0741255,1.96583,
j,1.26334,-0.471567,0.0743446,1.96531,
j,1.2637,-0.471654,0.0745385,1.96484,
j,1.26407,-0.471719,0.0747095,1.96443,
j,1.26443,-0.471761,0.0748596,1.96406,
j,1.2648,-0.471783,0.0749909,1.96373,
j,1.26517,-0.471786,0.0751053,1.96344,
j,1.26553,-0.471773,0.0752042,1.96317,
j,1.2659,-0.471745,0.0752893,1.96294,
j,1.26626,-0.471705,0.0753618,1.96273,
j,1.26663,-0.471655,0.075423,1.96254,
j,1.26699,-0.471598,0.075474,1.96238,
j,1.26736,-0.471535,0.0755156,1.96223,
j,1.26772,-0.471468,0.0755488,1.96209,
j,1.26809,-0.471399,0.0755743,1.96197,
j,1.26845,-0.471331,0.0755927,1.96186,
j,1.26881,-0.471263,0.0756047,1.96177,
j,1.26918,-0.471199,0.075611,1.96168,
j,1.26954,-0.471138,0.075613,1.96161,
j,1.2699,-0.471081,0.0756127,1.96154,
j,1.27027,-0.471029,0.0756105,1.96148,
j,1.27063,-0.470983,0.0756057,1.96143,
j,1.27099,-0.470941,0.0755974,1.96139,
j,1.27135,-0.470906,0.0755853,1.96135,
j,1.27171,-0.470875,0.0755696,1.96131,
j,1.27207,-0.47085,0.0755504,1.96128,
j,1.27243,-0.47083,0.0755279,1.96126,
j,1.27279,-0.470813,0.0755024,1.96124,
j,1.27315,-0.470801,0.0754742,1.96122,
j,1.27351,-0.470792,0.0754435,1.9612,
j,1.27387,-0.470786,0.0754104,1.96119,
j,1.27423,-0.470782,0.0753753,1.96118,
j,1.27459,-0.47078,0.0753384,1.96117,
j,1.27496,-0.470815,0.0756064,1.96187,
j,1.27534,-0.470913,0.0763423,1.9637,
j,1.27575,-0.471061,0.0773518,1.9664,
j,1.27618,-0.471246,0.0785876,1.96967,
j,1.27662,-0.471459,0.0799628,1.97335,
j,1.27707,-0.47168,0.081336,1.97715,
j,1.27753,-0.471894,0.0826408,1.98081,
j,1.27799,-0.472092,0.0838506,1.98422,
j,1.27845,-0.472269,0.0849578,1.98732,
j,1.27892,-0.472422,0.0859638,1.99011,
j,1.27938,-0.47255,0.086874,1.9926,
j,1.27985,-0.472653,0.0876954,1.99481,
j,1.28031,-0.472732,0.0884353,1.99677,
j,1.28077,-0.472787,0.0891011,1.9985,
j,1.28124,-0.472821,0.0896994,2.00003,
j,1.2817,-0.472835,0.0902366,2.00138,
j,1.28216,-0.472833,0.0907182,2.00257,
j,1.28262,-0.472808,0.091002,2.00362,
j,1.28307,-0.47276,0.0910903,2.00455,
j,1.28351,-0.47269,0.0910895,2.00538,
j,1.28395,-0.472604,0.0910481,2.00611,
j,1.28439,-0.472506,0.0909883,2.00674,
j,1.28482,-0.472399,0.0909204,2.00731,
j,1.28526,-0.472289,0.0908495,2.0078,
j,1.28569,-0.472177,0.090778,2.00824,
j,1.28612,-0.472067,0.0907068,2.00863,
j,1.28656,-0.471961,0.0906363,2.00897,
j,1.28699,-0.471862,0.0905666,2.00927,
j,1.28742,-0.47177,0.0904976,2.00953,
j,1.28785,-0.471688,0.0904293,2.00977,
j,1.28828,-0.471615,0.0903614,2.00998,
j,1.28871,-0.471552,0.0902939,2.01016,
j,1.28915,-0.471499,0.0902266,2.01033,
j,1.28958,-0.471456,0.0901595,2.01048,
j,1.29001,-0.471422,0.0900925,2.01061,
j,1.29043,-0.471396,0.0900255,2.01072,
j,1.29086,-0.471379,0.0899585,2.01083,
j,1.29129,-0.471368,0.0898914,2.01092,
j,1.29172,-0.471364,0.0898243,2.01101,
j,1.29215,-0.471364,0.0897571,2.01108,
j,1.29257,-0.471367,0.0896899,2.01115,
j,1.293,-0.471372,0.0896227,2.01121,
j,1.29343,-0.471378,0.0895556,2.01126,
j,1.29385,-0.471386,0.0894884,2.01131,
j,1.29428,-0.471394,0.0894213,2.01135,
j,1.2947,-0.471401,0.0893542,2.01138,
j,1.29513,-0.471407,0.0892872,2.01142,
j,1.29555,-0.471412,0.0892203,2.01145,
j,1.29598,-0.471415,0.0891535,2.01147,
j,1.2964,-0.471417,0.0890869,2.01149,
j,1.29682,-0.471417,0.0890204,2.01152,
j,1.29725,-0.471416,0.0889539,2.01153,
j,1.29767,-0.471413,0.0888876,2.01155,
j,1.29809,-0.471409,0.0888214,2.01156,
j,1.29851,-0.471403,0.0887554,2.01158,
j,1.29893,-0.471396,0.0886896,2.01159,
j,1.29936,-0.471387,0.0886239,2.0116,
j,1.29978,-0.471377,0.0885584,2.0116,
j,1.3002,-0.471365,0.088493,2.01161,
j,1.30062,-0.471352,0.0884278,2.01162,
j,1.30104,-0.471338,0.0883627,2.01162,
j,1.30146,-0.471323,0.0882978,2.01163,
j,1.30188,-0.471308,0.0882331,2.01163,
j,1.3023,-0.471292,0.0881684,2.01164,
j,1.30271,-0.471275,0.0881039,2.01164,
j,1.30313,-0.471258,0.0880395,2.01164,
j,1.30355,-0.471241,0.0879752,2.01164,
j,1.30397,-0.471224,0.087911,2.01165,
j,1.30439,-0.471207,0.0878469,2.01165,
j,1.3048,-0.47119,0.0877829,2.01165,
j,1.30522,-0.471173,0.0877189,2.01165,
j,1.30564,-0.471156,0.087655,2.01165,
j,1.30605,-0.47114,0.0875912,2.01165,
j,1.30647,-0.471124,0.0875274,2.01166,
j,1.30688,-0.471108,0.0874637,2.01166,
j,1.3073,-0.471093,0.0874,2.01166,
j,1.30771,-0.471078,0.0873363,2.01166,
j,1.30813,-0.471064,0.0872727,2.01166,
j,1.30854,-0.471049,0.0872091,2.01166,
j,1.30896,-0.471036,0.0871455,2.01166,
j,1.30937,-0.471022,0.087082,2.01166,
j,1.30978,-0.471009,0.0870185,2.01166,
j,1.31019,-0.470996,0.086955,2.01167,
j,1.31061,-0.470983,0.0868916,2.01167,
j,1.31102,-0.47097,0.0868282,2.01167,
j,1.31143,-0.470957,0.0867648,2.01167,
j,1.31184,-0.470945,0.0867015,2.01167,
j,1.31225,-0.470932,0.0866381,2.01167,
j,1.31266,-0.47092,0.0865749,2.01167,
j,1.31308,-0.470907,0.0865116,2.01167,
j,1.31349,-0.470895,0.0864484,2.01167,
j,1.3139,-0.470882,0.0863853,2.01167,
j,1.3143,-0.47087,0.0863221,2.01167,
j,1.31471,-0.470857,0.086259,2.01167,
j,1.31512,-0.470844,0.086196,2.01168,
j,1.31553,-0.470832,0.086133,2.01168,
j,1.31594,-0.470819,0.08607,2.01168,
j,1.31635,-0.470806,0.086007,2.01168,
j,1.31675,-0.470793,0.0859442,2.01168,
j,1.31716,-0.47078,0.0858813,2.01168,
j,1.31757,-0.470767,0.0858185,2.01168,
j,1.31798,-0.470754,0.0857557,2.01168,
j,1.31838,-0.470741,0.085693,2.01168,
j,1.31879,-0.470728,0.0856303,2.01168,
j,1.31919,-0.470715,0.0855677,2.01168,
j,1.3196,-0.470702,0.085505,2.01168,
j,1.32,-0.470689,0.0854425,2.01168,
j,1.32041,-0.470676,0.0853799,2.01168,
j,1.32081,-0.470663,0.0853174,2.01168,
j,1.32122,-0.47065,0.085255,2.01168,
j,1.32162,-0.470637,0.0851926,2.01168,
j,1.32202,-0.470624,0.0851302,2.01168,
j,1.32243,-0.470611,0.0850679,2.01169,
j,1.32283,-0.470598,0.0850056,2.01169,
j,1.32323,-0.470585,0.0849433,2.01169,
j,1.32363,-0.470572,0.0848811,2.01169,
j,1.32404,-0.47056,0.0848189,2.01169,
j,1.32444,-0.470547,0.0847567,2.01169,
j,1.32484,-0.470534,0.0846946,2.01169,
j,1.32524,-0.470521,0.0846325,2.01169,
j,1.32564,-0.470509,0.0845705,2.01169,
j,1.32604,-0.470496,0.0845085,2.01169,
j,1.32644,-0.470484,0.0844465,2.01169,
j,1.32684,-0.470471,0.0843845,2.01169,
j,1.32724,-0.470458,0.0843226,2.01169,
j,1.32764,-0.470446,0.0842608,2.01169,
j,1.32804,-0.470433,0.0841989,2.01169,
j,1.32843,-0.470421,0.0841372,2.01169,
j,1.32883,-0.470409,0.0840754,2.01169,
j,1.32923,-0.470396,0.0840137,2.01169,
j,1.32963,-0.470384,0.083952,2.01169,
j,1.33002,-0.470371,0.0838903,2.0117,
j,1.33042,-0.470359,0.0838287,2.0117,
j,1.33082,-0.470347,0.0837672,2.0117,
j,1.33121,-0.470334,0.0837056,2.0117,
j,1.33161,-0.470322,0.0836441,2.0117,
j,1.332,-0.47031,0.0835827,2.0117,
j,1.3324,-0.470297,0.0835212,2.0117,
j,1.33279,-0.470285,0.0834598,2.0117,
j,1.33319,-0.470273,0.0833985,2.0117,
j,1.33358,-0.470261,0.0833372,2.0117,
j,1.33398,-0.470248,0.0832759,2.0117,
j,1.33437,-0.470236,0.0832146,2.0117,
j,1.33476,-0.470224,0.0831534,2.0117,
j,1.33516,-0.470212,0.0830923,2.0117,
j,1.33555,-0.4702,0.0830311,2.0117,
j,1.33594,-0.470188,0.08297,2.0117,
j,1.33633,-0.470176,0.082909,2.0117,
j,1.33673,-0.470163,0.0828479,2.0117,
j,1.33712,-0.470151,0.082787,2.01171,
j,1.33751,-0.470139,0.082726,2.01171,
j,1.3379,-0.470127,0.0826651,2.01171,
j,1.33829,-0.470115,0.0826042,2.01171,
j,1.33868,-0.470103,0.0825434,2.01171,
j,1.33907,-0.470091,0.0824826,2.01171,
j,1.33946,-0.470079,0.0824218,2.01171,
j,1.33985,-0.470067,0.0823611,2.01171,
j,1.34024,-0.470055,0.0823004,2.01171,
j,1.34063,-0.470044,0.0822397,2.01171,
j,1.34101,-0.470032,0.0821791,2.01171,
j,1.3414,-0.47002,0.0821185,2.01171,
j,1.34179,-0.470008,0.082058,2.01171,
j,1.34218,-0.469996,0.0819975,2.01171,
j,1.34256,-0.469984,0.081937,2.01171,
j,1.34295,-0.469973,0.0818766,2.01171,
j,1.34334,-0.469961,0.0818162,2.01171,
j,1.34372,-0.469949,0.0817558,2.01171,
j,1.34411,-0.469937,0.0816955,2.01171,
j,1.34449,-0.469926,0.0816352,2.01172,
j,1.34488,-0.469914,0.0815749,2.01172,
j,1.34526,-0.469902,0.0815147,2.01172,
j,1.34565,-0.469891,0.0814546,2.01172,
j,1.34603,-0.469879,0.0813944,2.01172,
j,1.34642,-0.469867,0.0813343,2.01172,
j,1.3468,-0.469856,0.0812742,2.01172,
j,1.34718,-0.469844,0.0812142,2.01172,
j,1.34757,-0.469832,0.0811542,2.01172,
j,1.34795,-0.469821,0.0810942,2.01172,
j,1.34833,-0.469809,0.0810343,2.01172,
j,1.34872,-0.469798,0.0809744,2.01172,
j,1.3491,-0.469786,0.0809146,2.01172,
j,1.34948,-0.469775,0.0808548,2.01172,
j,1.34986,-0.469763,0.080795,2.01172,
j,1.35024,-0.469752,0.0807353,2.01172,
j,1.35062,-0.469741,0.0806756,2.01172,
j,1.351,-0.469729,0.0806159,2.01172,
j,1.35138,-0.469718,0.0805563,2.01172,
j,1.35176,-0.469706,0.0804967,2.01173,
j,1.35214,-0.469695,0.0804371,2.01173,
j,1.35252,-0.469684,0.0803776,2.01173,
j,1.3529,-0.469672,0.0803181,2.01173,
j,1.35328,-0.469661,0.0802587,2.01173,
j,1.35366,-0.46965,0.0801993,2.01173,
j,1.35403,-0.469639,0.0801399,2.01173,
j,1.35441,-0.469627,0.0800806,2.01173,
j,1.35479,-0.469616,0.0800213,2.01173,
j,1.35517,-0.469605,0.079962,2.01173,
j,1.35554,-0.469594,0.0799028,2.01173,
j,1.35592,-0.469583,0.0798436,2.01173,
j,1.35629,-0.469571,0.0797844,2.01173,
j,1.35667,-0.46956,0.0797253,2.01173,
j,1.35705,-0.469549,0.0796662,2.01173,
j,1.35742,-0.469538,0.0796072,2.01173,
j,1.3578,-0.469527,0.0795482,2.01173,
j,1.35817,-0.469516,0.0794892,2.01173,
j,1.35854,-0.469505,0.0794303,2.01173,
j,1.35892,-0.469494,0.0793714,2.01173,
j,1.35929,-0.469483,0.0793125,2.01174,
j,1.35967,-0.469472,0.0792537,2.01174,
j,1.36004,-0.469461,0.0791949,2.01174,
j,1.36041,-0.46945,0.0791362,2.01174,
j,1.36078,-0.469439,0.0790774,2.01174,
j,1.36116,-0.469428,0.0790188,2.01174,
j,1.36153,-0.469417,0.0789601,2.01174,
j,1.3619,-0.469406,0.0789015,2.01174,
j,1.36227,-0.469395,0.0788429,2.01174,
j,1.36264,-0.469384,0.0787844,2.01174,
j,1.36301,-0.469373,0.0787259,2.01174,
j,1.36338,-0.469363,0.0786675,2.01174,
j,1.36375,-0.469352,0.078609,2.01174,
j,1.36412,-0.469341,0.0785507,2.01174,
j,1.36449,-0.46933,0.0784923,2.01174,
j,1.36486,-0.469319,0.078434,2.01174,
j,1.36523,-0.469309,0.0783757,2.01174,
j,1.3656,-0.469298,0.0783175,2.01174,
j,1.36597,-0.469287,0.0782593,2.01174,
j,1.36634,-0.469277,0.0782011,2.01175,
j,1.3667,-0.469266,0.078143,2.01175,
j,1.36707,-0.469255,0.0780849,2.01175,
j,1.36744,-0.469245,0.0780268,2.01175,
j,1.36781,-0.469234,0.0779688,2.01175,
j,1.36817,-0.469223,0.0779108,2.01175,
j,1.36854,-0.469213,0.0778529,2.01175,
j,1.36891,-0.469202,0.077795,2.01175,
j,1.36927,-0.469192,0.0777371,2.01175,
j,1.36964,-0.469181,0.0776793,2.01175,
j,1.37,-0.469171,0.0776215,2.01175,
j,1.37037,-0.46916,0.0775637,2.01175,
j,1.37073,-0.46915,0.077506,2.01175,
j,1.3711,-0.469139,0.0774483,2.01175,
j,1.37146,-0.469129,0.0773906,2.01175,
j,1.37182,-0.469118,0.077333,2.01175,
j,1.37219,-0.469108,0.0772754,2.01175,
j,1.37255,-0.469097,0.0772179,2.01175,
j,1.37291,-0.469087,0.0771604,2.01175,
j,1.37328,-0.469077,0.0771029,2.01175,
j,1.37364,-0.469066,0.0770454,2.01175,
j,1.374,-0.469056,0.076988,2.01176,
j,1.37436,-0.469046,0.0769307,2.01176,
j,1.37472,-0.469035,0.0768734,2.01176,
j,1.37508,-0.469025,0.0768161,2.01176,
j,1.37544,-0.469015,0.0767588,2.01176,
j,1.37581,-0.469004,0.0767016,2.01176,
j,1.37617,-0.468994,0.0766444,2.01176,
j,1.37653,-0.468984,0.0765873,2.01176,
j,1.37689,-0.468974,0.0765302,2.01176,
j,1.37724,-0.468963,0.0764731,2.01176,
j,1.3776,-0.468953,0.076416,2.01176,
j,1.37796,-0.468943,0.076359,2.01176,
j,1.37832,-0.468933,0.0763021,2.01176,
j,1.37868,-0.468923,0.0762451,2.01176,
j,1.37904,-0.468913,0.0761883,2.01176,
j,1.3794,-0.468903,0.0761314,2.01176,
j,1.37975,-0.468893,0.0760746,2.01176,
j,1.38011,-0.468882,0.0760178,2.01176,
j,1.38047,-0.468872,0.0759611,2.01176,
j,1.38082,-0.468862,0.0759043,2.01176,
j,1.38118,-0.468852,0.0758477,2.01177,
j,1.38154,-0.468842,0.075791,2.01177,
j,1.38189,-0.468832,0.0757344,2.01177,
j,1.38225,-0.468822,0.0756779,2.01177,
j,1.3826,-0.468812,0.0756213,2.01177,
j,1.38296,-0.468802,0.0755648,2.01177,
j,1.38331,-0.468792,0.0755084,2.01177,
j,1.38367,-0.468783,0.075452,2.01177,
j,1.38402,-0.468773,0.0753956,2.01177,
j,1.38437,-0.468763,0.0753392,2.01177,
j,1.38473,-0.468753,0.0752829,2.01177,
j,1.38508,-0.468743,0.0752266,2.01177,
j,1.38543,-0.468733,0.0751704,2.01177,
j,1.38579,-0.468723,0.0751142,2.01177,
j,1.38614,-0.468714,0.075058,2.01177,
j,1.38649,-0.468704,0.0750019,2.01177,
j,1.38684,-0.468694,0.0749458,2.01177,
j,1.38719,-0.468684,0.0748898,2.01177,
j,1.38754,-0.468675,0.0748337,2.01177,
j,1.38789,-0.468665,0.0747777,2.01177,
j,1.38825,-0.468655,0.0747218,2.01177,
j,1.3886,-0.468645,0.0746659,2.01178,
j,1.38895,-0.468636,0.07461,2.01178,
j,1.3893,-0.468626,0.0745542,2.01178,
j,1.38965,-0.468616,0.0744984,2.01178,
j,1.38999,-0.468607,0.0744426,2.01178,
j,1.39034,-0.468597,0.0743869,2.01178,
j,1.39069,-0.468588,0.0743312,2.01178,
j,1.39104,-0.468578,0.0742755,2.01178,
j,1.39139,-0.468568,0.0742199,2.01178,
j,1.39174,-0.468559,0.0741643,2.01178,
j,1.39208,-0.468549